produit,ref_produit,description,prix_fournisseur,date_mise_a_jour
Écran 24 pouces,REF-1001,Produit Écran 24 pouces figure,66.55647665347247,2025-07-26
Webcam HD,REF-1002,Produit Webcam HD aussi,121.86891971739793,2024-09-23
Casque Bluetooth,REF-1003,Produit Casque Bluetooth choisir,59.158904040566206,2023-02-22
Enceinte Bluetooth,nan,Produit Enceinte Bluetooth chercher,-21.28412993962678,2022-12-03
Chargeur rapide,REF-1005,Produit Chargeur rapide sien,97.50785484002816,2023-02-08
Disque SSD,REF-1006,Produit Disque SSD esprit,-133.20993718551912,2023-12-29
Câble USB-C,None,Produit Câble USB-C éteindre,120.09285830517487,2023-08-12
Enceinte Bluetooth,REF-1008,Produit Enceinte Bluetooth accorder,30.34214920996969,2023-12-11
Câble USB-C,REF-1009,Produit Câble USB-C amuser,126.77988891567445,2025-08-06
Batterie externe,REF-1010,Produit Batterie externe figurer,116.64198153649345,2025-10-15
Casque Bluetooth,REF-1011,Produit Casque Bluetooth avance,39.346231051299895,2023-10-03
Disque SSD,REF-1012,Produit Disque SSD le,48.79877276604528,2024-10-19
Batterie externe,REF-1013,Produit Batterie externe céder,124.27907618448337,2023-04-24
Chargeur rapide,REF-1014,Produit Chargeur rapide triste,101.79473539726321,2024-06-29
Clavier,REF-1015,Produit Clavier respirer,116.16513960405887,2023-09-13
Enceinte Bluetooth,nan,Produit Enceinte Bluetooth avant,-70.50631341689822,2024-08-01
Clavier,REF-1017,Produit Clavier décider,27.182651120141585,2025-05-18
Casque Bluetooth,REF-1018,Produit Casque Bluetooth sorte,111.84669301690641,2024-03-06
Clavier,REF-1019,Produit Clavier jeunesse,73.56933501681141,2023-04-03
Disque SSD,REF-1020,Produit Disque SSD là,18.878610550423453,2025-09-25
Disque SSD,REF-1021,Produit Disque SSD maison,98.08586756427357,2024-06-21
Chargeur rapide,REF-1022,Produit Chargeur rapide fleur,84.27112484354015,2023-05-19
Enceinte Bluetooth,REF-1023,Produit Enceinte Bluetooth répandre,42.24815790862865,2025-02-26
Câble USB-C,REF-1024,Produit Câble USB-C perte,77.03119453457956,2024-01-06
Clavier,REF-1025,Produit Clavier endormir,44.80833683001818,2023-05-24
Chargeur rapide,REF-1026,Produit Chargeur rapide tourner,105.7959603369011,2024-04-22
Souris,REF-1027,Produit Souris nécessaire,69.19396018303144,2024-02-22
Chargeur rapide,REF-1028,Produit Chargeur rapide condamner,110.05494345279962,2024-06-13
Chargeur rapide,REF-1029,Produit Chargeur rapide entrer,54.45805354876198,2025-02-01
Souris,REF-1030,Produit Souris préparer,-92.46681448093898,2023-05-30
Webcam HD,REF-1031,Produit Webcam HD parvenir,88.86610296592931,2024-07-30
Chargeur rapide,REF-1032,Produit Chargeur rapide dire,117.03029548016046,2025-06-02
Écran 24 pouces,REF-1033,Produit Écran 24 pouces mer,17.420446191482426,2024-08-26
Casque Bluetooth,REF-1034,Produit Casque Bluetooth rêver,91.38385558739871,2024-07-16
Câble USB-C,REF-1035,Produit Câble USB-C pensée,51.88887650675051,2023-08-27
Webcam HD,REF-1036,Produit Webcam HD jardin,56.474464345630906,2025-07-19
Écran 24 pouces,REF-1037,Produit Écran 24 pouces entraîner,69.14944078969708,2024-07-19
Clavier,nan,Produit Clavier autour,102.09237933942447,2024-09-11
Disque SSD,REF-1039,Produit Disque SSD cruel,44.3163782925268,2023-05-13
Batterie externe,,Produit Batterie externe certainement,99.37721851184315,2023-02-05
Webcam HD,REF-1041,Produit Webcam HD juge,38.47023242733175,2025-05-11
Enceinte Bluetooth,REF-1042,Produit Enceinte Bluetooth naturellement,53.2852773934387,2023-10-11
Webcam HD,REF-1043,Produit Webcam HD bonheur,-12.589136989043705,2024-06-19
Clavier,REF-1044,Produit Clavier effet,-57.62691941766884,2025-08-31
Souris,REF-1045,Produit Souris seconde,110.94432398469068,2023-03-01
Écran 24 pouces,REF-1046,Produit Écran 24 pouces point,-13.720639677113857,2023-11-14
Enceinte Bluetooth,REF-1047,Produit Enceinte Bluetooth question,-143.85566625328013,2023-11-20
Câble USB-C,REF-1048,Produit Câble USB-C fonder,29.719301035218045,2023-07-12
Enceinte Bluetooth,REF-1049,Produit Enceinte Bluetooth religion,19.018085198774344,2023-05-20
Câble USB-C,,Produit Câble USB-C marquer,124.16193436565759,2025-04-30
Casque Bluetooth,REF-1051,Produit Casque Bluetooth retrouver,48.623700711221986,2024-04-19
Batterie externe,REF-9999,Produit Batterie externe par,120.34024431451073,2025-06-17
Chargeur rapide,REF-1053,Produit Chargeur rapide police,62.90080779234968,2023-05-29
Batterie externe,REF-1054,Produit Batterie externe frais,7.903821609244548,2024-10-30
Écran 24 pouces,REF-1055,Produit Écran 24 pouces travers,139.41514034902283,2023-06-27
Casque Bluetooth,REF-1056,Produit Casque Bluetooth profond,127.09482768458109,2024-10-05
Disque SSD,REF-1057,Produit Disque SSD détail,18.47472593501154,2023-12-12
Webcam HD,REF-1058,Produit Webcam HD hiver,17.92304265682241,2023-08-12
Chargeur rapide,REF-1059,Produit Chargeur rapide voile,130.37949784486335,2022-11-16
Disque SSD,REF-1060,Produit Disque SSD l'un,124.77980638661661,2025-10-26
Webcam HD,REF-1061,Produit Webcam HD poursuivre,28.099082989752144,2025-07-06
Écran 24 pouces,nan,Produit Écran 24 pouces à,48.95361161207265,2024-04-21
Clavier,REF-1063,Produit Clavier préférer,54.542802775053524,2023-09-06
Câble USB-C,REF-1064,Produit Câble USB-C métier,17.70819828075659,2024-07-31
Câble USB-C,REF-1065,Produit Câble USB-C scène,85.30132490329456,2025-08-16
Souris,REF-1066,Produit Souris demande,62.562319975771096,2025-09-13
Chargeur rapide,REF-1067,Produit Chargeur rapide apparaître,141.6461177698238,2023-03-20
Clavier,REF-1068,Produit Clavier respirer,79.77351701599218,2024-03-03
Souris,REF-1069,Produit Souris avance,119.0100137297787,2024-04-16
Webcam HD,REF-1070,Produit Webcam HD delà,87.1534275148557,2023-04-21
Écran 24 pouces,REF-1071,Produit Écran 24 pouces six,35.23402458181369,2023-06-05
Casque Bluetooth,REF-1072,Produit Casque Bluetooth expliquer,21.873127693394032,2025-02-15
Clavier,REF-1073,Produit Clavier lit,96.0527576520322,2025-02-09
Batterie externe,REF-1074,Produit Batterie externe fonder,82.2097729211168,2023-09-13
Webcam HD,REF-1075,Produit Webcam HD etc,25.48531714494834,2024-04-17
Chargeur rapide,REF-1076,Produit Chargeur rapide fil,49.178475169215915,2024-10-11
Câble USB-C,REF-1077,Produit Câble USB-C considérer,51.7665567877302,2025-08-27
Souris,REF-1078,Produit Souris mari,30.161054673043758,2025-02-09
Clavier,REF-1079,Produit Clavier conclure,37.42409300196513,2024-07-11
Écran 24 pouces,REF-1080,Produit Écran 24 pouces combat,88.09100719497314,2023-03-07
Enceinte Bluetooth,REF-1081,Produit Enceinte Bluetooth sûr,-124.25968172698234,2025-05-20
Câble USB-C,REF-1082,Produit Câble USB-C respecter,74.5063938199885,2023-09-23
Casque Bluetooth,REF-1083,Produit Casque Bluetooth simplement,138.79979262444218,2025-07-13
Casque Bluetooth,REF-1084,Produit Casque Bluetooth rayon,92.90667597389172,2023-11-07
Webcam HD,REF-1085,Produit Webcam HD livrer,125.25319874548613,2024-07-02
Écran 24 pouces,REF-1086,Produit Écran 24 pouces fumée,77.87208108719915,2023-06-15
Câble USB-C,REF-1087,Produit Câble USB-C condition,124.65411127525738,2024-03-08
Disque SSD,REF-1088,Produit Disque SSD etc,22.655477113164846,2024-05-16
Disque SSD,REF-1089,Produit Disque SSD petit,8.742726507675613,2025-09-28
Câble USB-C,REF-1090,Produit Câble USB-C corps,38.71994696298012,2023-04-18
Écran 24 pouces,REF-1091,Produit Écran 24 pouces fort,68.72919485177196,2023-11-10
Webcam HD,REF-1092,Produit Webcam HD asseoir,5.048213387470964,2023-03-06
Clavier,REF-1093,Produit Clavier poursuivre,99.27915839773225,2024-03-04
Souris,REF-1094,Produit Souris monde,61.03682196807633,2025-05-16
Disque SSD,REF-1095,Produit Disque SSD nouveau,118.21042997992377,2024-08-08
Enceinte Bluetooth,REF-1096,Produit Enceinte Bluetooth portier,35.70452584649436,2024-07-16
Clavier,nan,Produit Clavier un,-13.378181344473163,2024-09-10
Batterie externe,REF-1098,Produit Batterie externe éclater,48.11648199434164,2025-02-01
Chargeur rapide,REF-1099,Produit Chargeur rapide endroit,39.68111511130921,2023-04-21
Souris,REF-1100,Produit Souris subir,15.821323078876848,2025-05-28
